Session:,"2024 FALL SEMESTER"
Course:,"CO215-Pattern Recognition"
Faculty:,"Dr. Md. Ruhul Amin"
total,6
start,2025-01-09
end,2025-01-24
slno,roll_no,name,2025-01-09,2025-01-10,2025-01-16,2025-01-20,2025-01-22,2025-01-24,attended,percent
1,41230100669,"Mymunnha Mumu",P,P,A,P,P,P,5,83.33
2,41230100673,"Md. Restadul Islam Emon",A,P,P,A,P,A,3,50
3,41230100731,"Jannatun Nesa",A,P,P,P,A,A,3,50
4,41230100753,"Md. Asike Iqbal Hira",P,P,P,P,P,P,6,100
5,41230100831,"Md. Ismail Hosen",P,P,P,A,A,A,3,50
6,41230100887,"Md. Masudur Rahman",P,P,P,A,P,P,5,83.33
7,41230100958,"Raiyan Abrar Shrestho",P,P,P,P,P,P,6,100
8,41230100959,"Antur Chandra Das",P,P,P,P,A,P,5,83.33
9,41230100962,"Maksuma Rahman Mumu",P,A,A,P,P,P,4,66.67
10,41230100969,"Fardin Mahmud",P,A,P,A,P,P,4,66.67
11,41230100973,"Ovironjon Mukut Moni",P,A,A,P,P,A,3,50
12,41230100974,"Afrin Binte Afroz",A,P,A,P,P,P,4,66.67
13,41230100994,"Md. Sumon Reza",A,A,A,P,A,A,1,16.67
